200	Who was a member of the Croatian national guard?
201	What movie did K. S. Rama Rao produce?
202	What language originated in the Salamat Region?
203	Who was in the musical group SS501?
204	Where do media companies owned by Ohio Community Media publish?
205	Who was the screenwriter for the movie directed by Swinton O. Scott III?
206	What film had Abe Levitow as its director, and Chuck Jones as producer?
207	What nonprofit is headquartered in Sligo?
208	What language is native to Khabarovsk Krai?
209	Which power plants were at some point in time the largest power plant in the world ?
210	What groups were partners with the Entertainment Consumers Association?
211	What work did Sukumar direct that featured compositions of Devi Sri Prasad?
212	What natural place is located in or near Steamboat Springs?
213	Parkistan Atomic Energy Commission has who working for them?
214	Natacha Rambova designed costumes for which movie?
215	Who directed the flim that was produced by V. Priya?
216	Which Formula One season did Lewis Hamilton win?
217	What urban areas in Sweden are located in the municipality of Sollefteå?
218	Otto Binder and Al Plastino were responsible for the development of which fictional charcter?
219	Where did a Bishop of St Edmundsbury and Ipswich receive their education?
220	Which competition was won by Tímea Babos and Kristina Mladenovic?
221	What college have the employees of Girton college studied at?
222	What structure was  maintained by the United States Army Corps of Engineers?
223	What ships were Type VII submarines?
224	Where is the HQ of the people who are in the Security Force Assistance Brigade?
225	Baz Luhrmann directed and Craig Pearce screen wrote what movie?
226	Who coached a Superbowl finalist after 1981?
227	Who has directed movies, clips, and TV shows distributed by DirecTV Cinema?
228	Chinook Jargon was spoken or written by what famous person?
229	What person is employed by India's Archaeological Survey?
230	Who emerged victorious in the competitions that featured the Essendon Football Club?
231	Who was drafted by Los Angeles Angels?
232	What written work did Jonathan Strahan edit?
233	What vehicle model belongs to Autozam?
234	ID Software published what electronic games?
235	What movie has music composed by Sardi and was directed by Tan Tjoel Hock?
236	Which FA Cup Final had Portsmouth F.C. participating?
237	Which team competed in a CAF Super Cup competition?
238	CNN Philippines originally broadcast what program?
239	Who is a worker in the costume designer industry?
240	Which contests were won and participated by the Baltimore Orioles?
241	Who directed the movie that had Andrew Bergman as its screenwriter?
242	Which TV episode was written by John Swartzwelder and had Jim Reardon as its director?
243	What sporting event was won by the team of Elena Vesnina and Ekaterina Valeryevna Makarova?
244	What books did Avatar Press publish?
245	Which nonprofit organizations have or had their headquarters in County Dublin?
246	Speed channel originally broadcasted what television program?
247	What Superbowls did the Washington Football Team play in?
248	What is the name of an automobile model from Chery?
249	James Gray was both the screenwriter and director for what film?
250	What is the constituency name of the uttar pradesh legislative assembly found in Domariyaganj?
251	Who is a Lincoln University employee?
252	Who won the Belgian Grand Prix?
253	What film featured Trivikram Srinivas as a screenwriter and K. Vijaya Bhaskar as a director?
254	Richelieu River is located next to what geographic place?
255	What are the different types of olive cultivars ?
256	What scores did Hridaynath Mangeshkar compose?
257	Who is an employee of the Norwegian Institute of Technology?
258	In which FA Cup Final featured did Chelsea F.C. play?
259	What music was composed by Devi Sri Prasad and  produced by Dil Raju?
260	Who created the music for the films directed by Kadiri Venkata Reddy?
261	Sam Simon was a screenwriter for which TV show?
262	What are the discovered ring galaxies ?
263	In which match did Tottenham Hotspur face Manchester City?
264	What is a model of a sports car manufactured by Mercedes-AMG?
265	Who attended South Salem High School?
266	What are some existing youth councils ?
267	Who was a Colorado Lieutenent Governor?
268	Which nature centers in Colorado are located in Jefferson?
269	Which work of art did Albert Uderzo illustrate?
270	What train stations are found in Birmingham?
271	What written form of media was published by Synapse Software?
272	Carlyle Group employees studied in which educational institution?
273	Ed Burns was co-screenwriter with David Simon on what television program?
274	Who owns a professional wrestling website ?
275	Who was the coach for Watford F.C.
276	Whatwas invented or discovered by the Joint Institute for Nuclear Research?
277	What city or town is located in the Angolan province of Malanje?
278	Who directed a film that N. Richard Nash wrote for?
279	V. Ravichandran composed the music for and also directed which project?
280	Which Judge of the United States Court of Appeals for the Second Circuit works for Yale Law School?
281	What is one nonprofit organization that is a member of the National Panhellenic Conference?
282	What written work was edited by August Derleth?
283	Who directed a movie that Norma Talmadge produced?
284	Where will you find organizations owned by the Voice Media Group?
285	Montana has what indigenous language?
286	Who won a Indianapolis 500 competition?
287	Which work did M. K. Arjunan compose which was directed by Jeassy?
288	Which team participated in a competition that Fitzroy FC won?
289	Pickling is used to create what objects?
290	Who was a coach of Weymouth F.C.?
291	Which FA Cup Final did Manchester City compete in?
292	Shonda Rhimes was executive producer for which television series?
293	Where did a Supreme Court of Missouri justice attend school?
294	What piece of literature featured drawings by Lewis Trondheim?
295	What land is found in Desolation Wilderness?
296	What is the native tongue of the Tandjilé Region?
297	Who directed the TV show that Tom Kauffman worked on as a screenwriter?
298	Who directed the films that Colin Welland wrote for?
299	Richard Hall taught what famous student?
