700	Who is the spouse of the actor who plays Vision in the new Avengers movie?
701	Which affiliate left the company that owns and operates most of the CBC television stations due to an agreement with CHBC?
702	When did the team that won the 1959 fa cup final beating luton town 2-1 win the fa cup?
703	When did Andrea Silenzi's team win the FA cup?
704	When did the team that Jamie Ward is a member of win the FA Cup?
705	Where did the person featured in the film Sammy Going South study or work?
706	When did the sports team that Craig Westcarr played for win the fa cup?
707	When did Mark Crossley's team win the FA cup?
708	When did the 1979-80 European Cup winner win the FA Cup?
709	Who did the star of Dark Hazard play in The Ten Commandments?
710	who did the leading actor in Sammy Going South play in the ten commandments?
711	Who is part of the band which performed Cherchez le Garçon?
712	Who did the cast member of The Woman in the Window play in the Ten Commendments?
713	Where did the star of Dark Hazard study?
714	Where did the actor in The Woman in the Window study or work?
715	Which country is the Desert Forest Golf Club located in?
716	What undertaking included the person who discovered that the number of protons in each element's atoms is unique?
717	What was the person who discovered that nuclei of atoms contained neutrons with no charge a participant in?
718	The person credited with the discovery of the neutron is a participant in what project?
719	Where does the university that Mohamed Abu Hamed attended rank according to the QS World University Rankings?
720	What did the person who discovered that all atoms of an element have the same number of protons participate in?
721	What was the person who provided evidence to suggest the existence of the neutron a participant of?
722	What was the inventor of the atomic bomb trigger a participant in?
723	According to QS World University Rankings where does the university where Hawass graduated rank?
724	Where does Hala El Badry's university rank according to QS World University Rankings?
725	Where is the headquarters of the organization that the Office of Science Education is a part of?
726	According to QS World University Rankings, what is the ranking of the place that employed Said Ashour?
727	According to QS World University Rankings, where does the college that Ibrahim Shihata attended rank?
728	How many books were said to have been written by the person who proposed explanations for the origins of earthquakes and the formation of mountains?
729	Where does the employer of Hasan Hanafi rank according to QS World University Rankings?
730	What was the lifespan of the most influential figure in Islamic philosophy?
731	What shares a border with the administrative territorial entity Radwanice, Polkowice County is located in?
732	What was the lifespan of the person who proposed explanations for the origins of earthquakes and the formation of mountains?
733	Who said one of the greatest thinkers was the person who proposed explanations for the origins of earthquakes and the formation of mountains?
734	Who said that the most influential figure in Islamic philosophy was one of the greatest thinkers?
735	Who is the mother of the composer of Jag tror på sommaren?
736	How many books were said to be written by the most influential in Islamic philosophy?
737	Who is the chief judge at Gloria Kemasuode's birthplace?
738	Who is the chief judge of Fred Aghogho Brume's birthplace?
739	Who is the Chief Judge in the place where DeltaWomen's headquarters in located?
740	Who is the chief judge of Friday Osanebi's birthplace?
741	Who is the Chief Judge of the Tebesa Nemine's birthplace?
742	Ashkenazi Jews and the largest single groups of foreigners in 2010 may be genetically similar due to what two factors?
743	Who is the Chief Judge of the place where Orezi was born?
744	What two factors might lead to genetic similarity between Ashkenazi Jews and the city's second largest ethnic group?
745	What company is the college where Wolf V. Vishniac studied a part of?
746	What company is Zena Tsarfin's school a part of?
747	What company is the school where Ernest G. McClain is employed a part of?
748	What company is the school where Lawrence Landweber was educated a part of?
749	What company is Frederic Ewen's employer part of?
750	What company is the employer of Marie Rutkoski part of?
751	By 1931, what percentage of the world's Jews were the group that represents at least 70% of Jews worldwide?
752	Italians and the group of Jews representing the bulk of modern Jewry may be genetically similar due to what two factors?
753	In a 2010 study, what modern population is most closely related to the group that represents the majority of modern Jewry?
754	What religion is Anubis' father part of?
755	By 1931, what percentage of the world's Jews were the group of Jews that represented the bulk of modern Jewry?
756	The 2010 study found that what modern population is most closely related to the group that represents at least 70% of Jews worldwide?
757	The group representing at least 70% of Jews worldwide and Italians may be genetically similar due to what two factors?
758	What administrative territorial entity contains the headquarters of the Mono Lake Committee?
759	What administrative territorial entity includes the place where Bill Cockcroft was educated?
760	Where was the person who acted in the film Sous les pieds des femmes born?
761	What city is the star of Sous les pieds des femmes from?
762	What city is the actress in Signora Enrica from?
763	Where was the person who acted in Signora Enrica born?
764	What city is the star of 'Three Strangers in Rome' from?
765	Who owns the rehabilitation center at the place where Hank Moonjean died?
766	The league the New England Patriots belongs to is an example of what?
767	The league playing in the Thursday night football game is a type of what?
768	Who is the federal leader of the party that Pierre-Hugues Boisvenu is a member of?
769	Who is the federal leader of the party that James Rajotte is a member of?
770	Who did the person Sarah married to in the bible marry after the death of Sarah?
771	Who is the federal leader of the party in which John Lynch-Staunton held a position?
772	Who is the federal leader of the political party Ken Epp belongs to?
773	Who is the federal leader of Leon Benoit's political party?
774	Who is the federal leader of John Lynch-Staunton's political party?
775	Who did the person considered the founder of three major monotheistic religions marry after the death of Sarah?
776	Who did Haran's sibling marry after the death of sarah?
777	Who did the person who married their half sister in the bible marry after the death of sarah?
778	Who did the spouse of Hagar marry after the death of Sarah?
779	Who did Jokshan's father marry after the death of Sarah?
780	What year did Allegory of Isabella d'Este's Coronation's creator the Younger die?
781	Where did the creator of the Allegory of Isabella d'Este's Coronation die?
782	What was the name of the Hero and the Terror star's character in Walker, Texas Ranger?
783	What was the name of the star of Forced Vengeance in Walter, Texas Ranger?
784	what was the name of the producer of Forest Warrior walker texas ranger?
785	What was the name of one of Top Dog's cast members in the Walker, Texas Ranger?
786	What was the name of Forced Vengeance's producer in Walker, Texas Ranger?
787	In what year did the insurgency start in the part of the country it is about?
788	What was the cast member of Missing in Action's name in Walker, Texas Ranger?
789	What year did the insurgency start in the area where People's Vanguard Party's headquarters locate?
790	What is the capital of the country it is about?
791	What is the name for the mouth of the watercourse of the body of water by Rotterdam Centrum?
792	At the end of which year did tribes from the place where the Celts are said to have migrated from invade the Roman empire?
793	At the end of which year did the tribes from the location of the Lusatia invade the Roman Empire?
794	At the end of which year did the tribes from where the Michelsberg culture is from invade the Roman Empire?
795	At the end of what year did the tribes from the place where the Rossen culture is located invade the Roman Empire?
796	At the end of which year did the tribes in the area where the Ashkenazi Jews can trace their ancestry to Jews who settled there invade the roman empire?
797	At the end of which year did tribes from the area where Linear Pottery culture was found invade the Roman Empire?
798	Of which watercourse is the river the Willemsbrug crosses over the mouth?
799	Who was the father of the leader of the Argonauts in the search for the golden fleece?
