918	Plants from Sakhalin or Svalbard
919	Common names for plants or religious plants.
920	Potatoe plants or Stoloniferous plants
921	Asparagales families
922	Plants from Northern Mariana Islands or Guam
923	Flora of Morelos or Zacatecas Trees
924	Plants from Dominica or the Netherlands Antilles
925	Trees that are from the Bahamas or the Cayman Islands
926	Plants of Western Sahara or Trees of the Arabian Peninsula
927	Trees found in Manitoba or Alberta
928	Orchids that exist in French Guiana or Argentina
929	What are Trees of Dominica or Campeche
930	Trees of Turkey or Azerbaijan
931	Trees in Malaysia, Southeast Asia
932	what are Flora of Martinique or Trees of Campeche
933	Flora of Saint Vincent and the Grenadines or Cayman Island Trees
934	Trees of South Korea and Endemic flora of Korea
935	The State of Mexico Trees and Flora of Morelos
936	Trees that are from Morocco or Algeria
937	what are some, Edible palms or Palms of French Guiana
938	Orchids of France or Lebanon
939	Paleocene or Late Cretaceous plants
940	Crops originating from Uruguay or Chile
941	Plant species of Morelos or trees of Tabasco
942	Plants from the Late Devonian period or Horsetails
943	Plants in Hinduism or plants that come for India.
944	what are some Monotypic Liliales genera or Corsiaceae
945	Flora of the Marquesas Islands or Flora of the Pitcairn Islands
946	what are plants of Dominica or of Saint Vincent and the Grenadines
947	Flora of the Cayman Islands
948	list trees from jamaica or tabasco
949	Trees that exist in Southeast Asia or Bangladesh
950	Plants from the Mississippian period or the Late Cretaceous period
951	Plants from Grenada or Saint Vincent and the Grenadines
952	trees from Malaysia or south east asia
953	what are some orchids of sichuan or some plats of north korea
954	Flora of Saint Kitts, Nevis and Martinique
955	Trees from Michoacán or the State of Mexico
956	Trees of Quintana Roo or Guadeloupe
957	Plants from Gough Island or the Prince Edwards Islands
958	French Guiana palms or Windward Islands trees
959	Trees from Windward Islands or plants from the Cayman Islands
960	what are Crops originating from Colombia or Chile
961	Moss or Monotypic plant orders
962	Orchids of Reunion or Mauritius
963	Plants from Mississippi or from the Late Cretaceous period
964	Flora of Georgia (country) that are not in Western Asia
965	Trees of Eastern Canada excluding Flora of the North-Central United States
966	Plants that exist in Switzerland, but not in Southwestern Europe
967	Trees of New Guinea excluding Trees of Malesia
968	Trees of Western Canada, but not Flora of the Western United States
969	Trees of New Guinea not found in Southeast Asia
970	Flora of Albania are not Flora of Greece
971	Orchids of Myanmar but not India
972	Flora of the Central African Republic that is not in Nigeria
973	Plants found in Alberta but not found in Northwestern United States
974	Endemic flora of Peninsular Malaysia, excluding trees of Malesia
975	Plants found in Liberia but not found in Cameroon
976	Endemic flora of Peninsular Malaysia, excluding trees
977	Trees of Eastern Canada that are not in the Southern United States
978	Plants that are native to Romania, but not Eastern Europe
979	what are some Pandanus that are not Paleotropical flora?
980	Orchids of Myanmar that arent palearctic
981	Plants found in the Bahamas but not the Southeastern United States
982	Trees found in the Northwestern US, but not the Southwestern US
983	Orchids of Myanmar but not Thailand
984	Trees in the North-Central Unites States, but not in the Southeastern United States.
985	Flora of Sinaloa not found in Sonora
986	Plant life found in Finland, but not Russia
987	Orchids of Myanmar excluding Flora of Thailand
988	Trees found in the Great Lakes region of North America that are not found in Southeastern United States
989	Ferns of California not florae
990	Flora of Austria but not of Italy
991	Flora of Sierra Leone but not of Ivory Coast
992	Flora of Suriname not Brazil
993	Orchids of Peru that are not in Ecuador
994	South-central Pacific Flora excluding French Polynesia.
995	Trees of the Great Lakes region (North America) that are not in Canada
996	Plants from Hispaniola and Guyana
997	Palearctic plants that are from Costa Rica
998	what are some  Flora of New Zealand that are also Trees of Australia
999	what are some Epiphytic orchids of the Southeastern United States.
1000	Flora of the Chihuahuan Desert that are also in Baja California Sur
1001	Flora grasses that are both from California and, South American regions.
1002	Carnivorous plants of the Nearctic realm
1003	Historically recognized domesticated plants.
1004	Carnivorous plants of North America that are also in the Great Lakes region
1005	Flora found in Turkey and Ethiopia
1006	California desert region flora also of South America
1007	Orchids found in Oceania
1008	Flora of Venezuela that are Gentianales genera
1009	Orchids and plants from Belize and Honduras
1010	Afrotropical realm flora that are Fern florae
1011	Flora of Bolivia that is also in the Leeward Islands
1012	Plant species that exist in Veracruz and Eastern Canada
1013	halophytes of Korea
1014	plants that are from Australia and Mozambique
1015	Ferns of America that are Flora of the United Kingdom.
1016	Plants native to both Jamaica and Paraguay
1017	Domesticated plants of Malesia
1018	Medical plants of Africa that can also be Flora of Ghana.
1019	Trees of North-Central and Northwestern United States
